[
  {
    "time": "2024-03-15T08:00:00",
    "wifi": {
      "ssid": "Checkwifi",
      "password": "11111111"
    },
    "pins": {
      "digital": 27,
      "analog": 33
    },
    "api_key": "",
    "chat_id": "",
    "alarm": false,
    "security_mode": true,
    "last_adc_value": 512,
    "last_digital_sensor_state": false
  },
 
 
  {
    "time": "2024-03-15T08:00:00",
    "wifi": {
      "ssid": "Checkwifi",
      "password": "11111111"
    },
    "pins": {
      "digital": 27,
      "analog": 33
    },
    "api_key": "",
    "chat_id": "",
    "alarm": false,
    "security_mode": true,
    "last_adc_value": 512,
    "last_digital_sensor_state": false
  }
]

  